{"chrome://browser/content/browser.xul":{"navigator-toolbox":{"iconsize":"small"},"main-window":{"screenX":"-3","screenY":"0","width":"475","height":"615","sizemode":"maximized"},"sidebar-box":{"sidebarcommand":"","width":"","src":""},"sidebar-title":{"value":""}},"about:config":{"prefCol":{"ordinal":"1"},"lockCol":{"ordinal":"3","sortDirection":"ascending"},"typeCol":{"ordinal":"5"},"valueCol":{"ordinal":"7"}},"chrome://mozapps/content/downloads/unknownContentType.xul":{"unknownContentType":{"screenX":"44","screenY":"272"}},"chrome://browser/content/places/places.xul":{"placesContentTags":{"ordinal":"3"},"placesContentUrl":{"ordinal":"5"},"placesContentDate":{"ordinal":"7","sortDirection":"descending"},"placesContentVisitCount":{"ordinal":"9"},"placesContentDescription":{"ordinal":"11"},"placesContentDateAdded":{"ordinal":"13"},"placesContentLastModified":{"ordinal":"15"},"places":{"screenX":"0","screenY":"0","width":"614","height":"500","sizemode":"normal"}},"chrome://browser/content/sanitize.xul":{"SanitizeDialog":{"screenX":"44","screenY":"382"},"detailsExpander":{"class":"expander-up"},"itemList":{"collapsed":"false"}}}