<?xml version="1.0" encoding="UTF-8"?>
<!DOCTYPE xbel>
<xbel xmlns:bookmark="http://www.freedesktop.org/standards/desktop-bookmarks" xmlns:mime="http://www.freedesktop.org/standards/shared-mime-info" xmlns:kdepriv="http://www.kde.org/kdepriv" dbusName="kfilePlaces">
 <bookmark href="file:///home/pi">
  <title>Home</title>
  <info>
   <metadata owner="http://freedesktop.org">
    <bookmark:icon name="user-home"/>
   </metadata>
   <metadata owner="http://www.kde.org">
    <ID>5975/0</ID>
    <isSystemItem>true</isSystemItem>
   </metadata>
  </info>
 </bookmark>
 <bookmark href="remote:/">
  <title>Network</title>
  <info>
   <metadata owner="http://freedesktop.org">
    <bookmark:icon name="network-workgroup"/>
   </metadata>
   <metadata owner="http://www.kde.org">
    <ID>5975/1</ID>
    <isSystemItem>true</isSystemItem>
   </metadata>
  </info>
 </bookmark>
 <bookmark href="file:///">
  <title>Root</title>
  <info>
   <metadata owner="http://freedesktop.org">
    <bookmark:icon name="folder-red"/>
   </metadata>
   <metadata owner="http://www.kde.org">
    <ID>5975/2</ID>
    <isSystemItem>true</isSystemItem>
   </metadata>
  </info>
 </bookmark>
 <bookmark href="trash:/">
  <title>Trash</title>
  <info>
   <metadata owner="http://freedesktop.org">
    <bookmark:icon name="user-trash"/>
   </metadata>
   <metadata owner="http://www.kde.org">
    <ID>5975/3</ID>
    <isSystemItem>true</isSystemItem>
   </metadata>
  </info>
 </bookmark>
</xbel>
